id,first_name,last_name,email,country,ip_address
1,Roger,Bennett,rbennett0@ucla.edu,Indonesia,125.125.145.153
2,Alan,Carter,acarter1@is.gd,Venezuela,145.111.202.198
3,Lisa,Perez,lperez2@goo.ne.jp,Poland,86.216.25.226
4,Ryan,Wright,rwright3@rambler.ru,Russia,241.184.82.20
5,Lori,Day,lday4@chicagotribune.com,Denmark,199.122.141.177
6,Matthew,Lewis,mlewis5@amazonaws.com,Philippines,115.76.108.46
7,Phyllis,Austin,paustin6@comcast.net,Chile,12.245.224.219
8,Jimmy,Watson,jwatson7@newsvine.com,Indonesia,225.152.82.129
9,Carlos,Mcdonald,cmcdonald8@yellowbook.com,Colombia,220.14.12.76
10,Jane,Schmidt,jschmidt9@histats.com,China,150.2.247.201
11,Nicholas,Gonzales,ngonzalesa@umich.edu,Kyrgyzstan,123.146.227.85
12,Maria,Willis,mwillisb@apache.org,Brazil,197.131.3.75
13,Lisa,Ellis,lellisc@unicef.org,Afghanistan,127.7.14.176
14,Thomas,Banks,tbanksd@bbc.co.uk,Japan,161.251.196.39
15,Diane,Hunter,dhuntere@sitemeter.com,Slovenia,142.153.59.17
16,Harry,Riley,hrileyf@bloomberg.com,France,199.229.249.230
17,James,Morgan,jmorgang@pinterest.com,Indonesia,237.66.218.99
18,Marie,Webb,mwebbh@toplist.cz,Sweden,212.102.223.178
19,Kimberly,Weaver,kweaveri@jugem.jp,Syria,133.216.180.159
20,Albert,Ford,afordj@shop-pro.jp,China,35.132.101.183
21,Patrick,Russell,prussellk@kickstarter.com,Sweden,20.245.207.161
22,Janet,Flores,jfloresl@spiegel.de,France,18.213.51.199
23,Edward,Little,elittlem@tiny.cc,Russia,38.57.136.11
24,Jose,Mitchell,jmitchelln@usa.gov,Democratic Republic of the Congo,56.71.73.160
25,Antonio,Long,alongo@twitpic.com,Croatia,32.163.244.51
26,Patricia,Phillips,pphillipsp@dagondesign.com,China,97.90.253.68
27,Tina,Burns,tburnsq@cbslocal.com,Finland,215.83.41.25
28,Jonathan,Campbell,jcampbellr@dailymotion.com,Russia,75.114.178.187
29,Judy,Phillips,jphillipss@a8.net,Turkmenistan,108.32.97.102
30,Kenneth,Austin,kaustint@123-reg.co.uk,Indonesia,234.51.93.138
31,Christine,Carter,ccarteru@google.co.uk,Indonesia,22.16.25.218
32,Joyce,Wheeler,jwheelerv@123-reg.co.uk,China,76.14.4.47
33,Kelly,Gilbert,kgilbertw@dailymail.co.uk,Indonesia,41.169.0.199
34,Philip,Patterson,ppattersonx@tripod.com,Madagascar,143.2.32.160
35,Virginia,Baker,vbakery@furl.net,Poland,238.192.109.191
36,Craig,Montgomery,cmontgomeryz@google.es,Russia,157.48.253.50
37,Mildred,Cunningham,mcunningham10@sohu.com,Philippines,42.249.83.27
38,James,Morgan,jmorgan11@webs.com,Philippines,223.23.209.179
39,Mildred,Porter,mporter12@eventbrite.com,Peru,254.126.165.16
40,Nancy,Peters,npeters13@symantec.com,Armenia,92.224.144.13
41,Benjamin,Alvarez,balvarez14@cnn.com,Senegal,242.161.204.202
42,Doris,Coleman,dcoleman15@miibeian.gov.cn,Portugal,86.72.192.22
43,Katherine,Jones,kjones16@dmoz.org,Bangladesh,118.32.232.157
44,Ann,Hart,ahart17@pagesperso-orange.fr,United States,77.81.51.216
45,Lisa,Freeman,lfreeman18@shinystat.com,Russia,99.5.46.192
46,Kelly,Rivera,krivera19@ucsd.edu,Kazakhstan,201.76.176.89
47,Heather,Elliott,helliott1a@utexas.edu,Argentina,141.188.209.156
48,Anthony,Kim,akim1b@about.com,United States,170.37.159.177
49,Andrew,Schmidt,aschmidt1c@wix.com,South Africa,246.158.134.153
50,Linda,Meyer,lmeyer1d@tamu.edu,China,2.88.36.93
51,Victor,Pierce,vpierce1e@scribd.com,Brazil,176.82.9.107
52,Dennis,Lewis,dlewis1f@printfriendly.com,Russia,224.63.92.148
53,Louise,Nelson,lnelson1g@mlb.com,Morocco,77.139.100.95
54,Sean,Dixon,sdixon1h@washingtonpost.com,Czech Republic,180.149.197.157
55,Jean,Dunn,jdunn1i@geocities.com,Tanzania,189.128.43.14
56,Alan,Mills,amills1j@usa.gov,Greece,125.104.100.53
57,Bonnie,Thomas,bthomas1k@google.cn,China,62.241.254.125
58,Jacqueline,Wells,jwells1l@skyrock.com,Ukraine,250.206.67.91
59,Sara,Alvarez,salvarez1m@elpais.com,Colombia,26.72.144.195
60,Janet,Baker,jbaker1n@msu.edu,Moldova,2.87.31.135
61,Dorothy,Hunt,dhunt1o@istockphoto.com,Indonesia,98.245.161.102
62,Christina,Wagner,cwagner1p@ehow.com,Bolivia,46.165.222.151
63,Howard,Ramirez,hramirez1q@harvard.edu,Indonesia,44.3.62.103
64,Jacqueline,Lawrence,jlawrence1r@youku.com,United States,214.219.1.133
65,Kelly,Boyd,kboyd1s@hc360.com,Argentina,40.112.173.162
66,Doris,Hill,dhill1t@msn.com,Poland,170.83.197.70
67,Rachel,Cruz,rcruz1u@bandcamp.com,Dominican Republic,9.95.184.255
68,James,Hart,jhart1v@guardian.co.uk,China,133.92.73.63
69,Scott,Peterson,speterson1w@cdc.gov,Indonesia,118.213.34.92
70,Justin,Wells,jwells1x@biglobe.ne.jp,Brazil,19.193.13.11
71,Annie,White,awhite1y@webeden.co.uk,Indonesia,245.33.42.32
72,Jacqueline,Webb,jwebb1z@twitpic.com,Netherlands,229.75.99.104
73,Joshua,Torres,jtorres20@shop-pro.jp,Russia,251.252.112.173
74,Henry,Rogers,hrogers21@mashable.com,France,157.255.149.119
75,Jesse,Price,jprice22@facebook.com,China,99.105.231.18
76,Sara,Simpson,ssimpson23@dion.ne.jp,Russia,103.199.226.76
77,Pamela,Williams,pwilliams24@usda.gov,Bosnia and Herzegovina,16.85.131.191
78,Paul,Green,pgreen25@fastcompany.com,China,251.19.113.218
79,Kathryn,Morrison,kmorrison26@aol.com,France,49.200.30.126
80,Philip,Willis,pwillis27@networksolutions.com,China,82.128.219.140
81,Shirley,Wood,swood28@t-online.de,Norway,185.179.197.134
82,Russell,Hansen,rhansen29@smugmug.com,Poland,156.155.73.6
83,Nancy,Sullivan,nsullivan2a@chicagotribune.com,Czech Republic,250.0.66.4
84,Jesse,Fuller,jfuller2b@businesswire.com,Ukraine,38.77.128.85
85,Sandra,Frazier,sfrazier2c@gravatar.com,Russia,255.249.156.138
86,Karen,Hamilton,khamilton2d@cafepress.com,Poland,81.68.207.241
87,Gregory,Thomas,gthomas2e@51.la,Kuwait,33.58.170.179
88,Shirley,Cole,scole2f@icio.us,Indonesia,111.95.0.250
89,Shawn,Kim,skim2g@wired.com,China,245.187.133.193
90,Matthew,Gonzalez,mgonzalez2h@google.it,China,211.164.10.245
91,Sean,Olson,solson2i@state.gov,Russia,22.101.195.188
92,Peter,Franklin,pfranklin2j@guardian.co.uk,Czech Republic,78.155.215.94
93,Peter,Wagner,pwagner2k@wikia.com,Colombia,193.104.200.249
94,Emily,Lane,elane2l@seattletimes.com,Philippines,133.180.198.186
95,Scott,Watson,swatson2m@miitbeian.gov.cn,Argentina,243.72.132.2
96,Nicholas,Fuller,nfuller2n@meetup.com,Peru,150.77.116.13
97,Janet,Ward,jward2o@toplist.cz,China,28.232.222.67
98,Daniel,Andrews,dandrews2p@posterous.com,Indonesia,4.154.69.98
99,Henry,Porter,hporter2q@redcross.org,Brazil,219.42.44.70
100,Scott,Allen,sallen2r@bbc.co.uk,Cuba,122.91.249.115
101,Barbara,Long,blong2s@icio.us,Thailand,252.242.57.166
102,Adam,Hawkins,ahawkins2t@icio.us,Nigeria,138.74.42.30
103,Kathleen,Washington,kwashington2u@gov.uk,Brazil,0.91.238.103
104,David,Stone,dstone2v@ebay.com,Canada,45.225.18.46
105,Jose,Hernandez,jhernandez2w@github.io,China,174.212.204.119
106,Jose,Hughes,jhughes2x@odnoklassniki.ru,Mexico,117.116.129.241
107,Angela,Little,alittle2y@jalbum.net,Syria,120.186.210.102
108,Cheryl,Miller,cmiller2z@fotki.com,United States,149.247.29.167
109,Catherine,Thomas,cthomas30@nbcnews.com,Poland,117.217.26.210
110,Jeremy,Bell,jbell31@miitbeian.gov.cn,China,64.7.104.255
111,Jose,Jones,jjones32@163.com,Brazil,83.40.93.218
112,Jose,Clark,jclark33@pcworld.com,China,161.118.220.3
113,Norma,Edwards,nedwards34@studiopress.com,Indonesia,209.41.157.187
114,Stephen,Hudson,shudson35@google.cn,Russia,176.101.35.166
115,Craig,Mason,cmason36@photobucket.com,Indonesia,229.145.69.183
116,Beverly,Little,blittle37@bravesites.com,Indonesia,134.175.111.62
117,Henry,Williams,hwilliams38@bloglovin.com,China,94.175.209.161
118,Janice,Ortiz,jortiz39@123-reg.co.uk,Poland,136.35.211.45
119,Andrea,Hamilton,ahamilton3a@latimes.com,Philippines,178.129.239.79
120,Diane,Ramos,dramos3b@mit.edu,Philippines,148.186.169.174
121,Sean,Carr,scarr3c@spotify.com,Indonesia,56.133.236.150
122,Brian,Gardner,bgardner3d@ning.com,Indonesia,211.203.7.124
123,Sarah,Spencer,sspencer3e@apple.com,France,232.103.250.81
124,Charles,Adams,cadams3f@eventbrite.com,Sweden,126.250.251.235
125,Antonio,Olson,aolson3g@skype.com,France,9.54.5.146
126,Kimberly,Gutierrez,kgutierrez3h@hubpages.com,China,122.98.160.141
127,Kimberly,Meyer,kmeyer3i@live.com,Poland,102.127.87.108
128,Janet,Bryant,jbryant3j@cnn.com,Iraq,109.235.104.185
129,Raymond,Andrews,randrews3k@etsy.com,Syria,9.150.180.121
130,Michelle,Peters,mpeters3l@acquirethisname.com,China,202.228.225.118
131,Theresa,Howard,thoward3m@cam.ac.uk,Brazil,159.47.20.151
132,Deborah,Hayes,dhayes3n@reddit.com,France,249.99.10.1
133,Janet,Dixon,jdixon3o@wix.com,Czech Republic,97.92.254.165
134,Tammy,Bradley,tbradley3p@archive.org,France,245.49.173.11
135,Matthew,Mitchell,mmitchell3q@odnoklassniki.ru,Sweden,51.143.70.190
136,Jessica,Day,jday3r@wsj.com,Russia,159.128.132.34
137,Mildred,Garrett,mgarrett3s@networkadvertising.org,China,250.149.102.149
138,Henry,Young,hyoung3t@skyrock.com,China,106.93.41.14
139,Maria,Rogers,mrogers3u@usatoday.com,China,48.244.94.158
140,Linda,Vasquez,lvasquez3v@t.co,Poland,227.105.176.91
141,Stephanie,Austin,saustin3w@hc360.com,South Korea,101.127.125.173
142,Nicole,Ramirez,nramirez3x@netlog.com,Thailand,117.227.238.183
143,Eric,Nguyen,enguyen3y@dot.gov,Peru,63.71.31.221
144,Howard,Lawson,hlawson3z@meetup.com,South Africa,248.137.178.40
145,Doris,Kennedy,dkennedy40@theatlantic.com,Philippines,233.131.37.37
146,Bruce,Cooper,bcooper41@histats.com,Lithuania,111.3.111.157
147,Gerald,Hamilton,ghamilton42@gnu.org,El Salvador,43.148.35.155
148,Billy,Carroll,bcarroll43@epa.gov,Ukraine,130.93.24.163
149,Andrea,Graham,agraham44@wunderground.com,China,180.51.171.80
150,Edward,Peterson,epeterson45@cdc.gov,Palestinian Territory,4.252.222.76
151,Deborah,Hunt,dhunt46@amazonaws.com,Honduras,229.88.122.245
152,Amy,Bailey,abailey47@livejournal.com,Russia,38.2.228.244
153,Denise,Hanson,dhanson48@ted.com,Macedonia,23.34.4.88
154,Donna,Palmer,dpalmer49@mayoclinic.com,United States,228.132.156.4
155,Carol,Williamson,cwilliamson4a@com.com,Russia,77.50.161.15
156,Cynthia,Smith,csmith4b@etsy.com,Poland,163.221.251.20
157,Adam,Daniels,adaniels4c@twitter.com,Indonesia,191.224.155.116
158,Cheryl,Stephens,cstephens4d@about.com,Colombia,146.234.14.143
159,Norma,Murphy,nmurphy4e@vistaprint.com,Canada,38.161.163.95
160,Victor,Washington,vwashington4f@plala.or.jp,Indonesia,129.135.93.184
161,Frank,Rice,frice4g@engadget.com,Norway,55.235.167.140
162,Louise,Foster,lfoster4h@cam.ac.uk,Tanzania,252.45.90.46
163,Alan,Watkins,awatkins4i@acquirethisname.com,France,49.2.200.115
164,Stephanie,Stevens,sstevens4j@plala.or.jp,Indonesia,125.67.198.111
165,Christopher,Perez,cperez4k@mit.edu,China,225.183.105.195
166,Bobby,Cruz,bcruz4l@rambler.ru,Georgia,232.120.117.60
167,Amy,Kelley,akelley4m@nytimes.com,Indonesia,57.128.168.24
168,Bonnie,Wheeler,bwheeler4n@vkontakte.ru,Indonesia,106.170.146.10
169,Gary,Roberts,groberts4o@jugem.jp,France,90.208.77.86
170,Jason,Sanders,jsanders4p@cnn.com,Brazil,126.8.139.193
171,Phillip,Adams,padams4q@trellian.com,Afghanistan,160.30.107.29
172,Ashley,Stevens,astevens4r@theglobeandmail.com,Portugal,15.85.8.238
173,Alan,Wilson,awilson4s@stumbleupon.com,China,166.37.207.190
174,Diana,Sanders,dsanders4t@mozilla.com,Myanmar,246.209.183.112
175,Barbara,Wallace,bwallace4u@tinypic.com,Nicaragua,57.210.126.27
176,Lawrence,Gomez,lgomez4v@spotify.com,Macedonia,77.172.165.229
177,Bruce,Henderson,bhenderson4w@youku.com,Croatia,231.34.196.112
178,Philip,Ryan,pryan4x@netlog.com,Ukraine,95.55.82.167
179,Christine,Foster,cfoster4y@blogspot.com,Argentina,47.73.157.170
180,Paula,Hall,phall4z@tinypic.com,Slovenia,245.170.205.190
181,Jack,Burke,jburke50@yandex.ru,Indonesia,248.221.43.172
182,Justin,Wallace,jwallace51@e-recht24.de,China,113.208.59.196
183,Steven,Willis,swillis52@jugem.jp,Russia,247.51.157.94
184,Debra,Day,dday53@comsenz.com,Brazil,160.181.188.23
185,Donald,Stevens,dstevens54@cnbc.com,Poland,69.29.127.250
186,Virginia,Mendoza,vmendoza55@weather.com,China,48.240.18.174
187,Jennifer,Pierce,jpierce56@netscape.com,Philippines,97.68.57.42
188,Ernest,Fuller,efuller57@over-blog.com,Sweden,0.29.236.21
189,Dennis,Carr,dcarr58@amazonaws.com,China,163.189.233.241
190,Annie,Wilson,awilson59@ftc.gov,China,120.201.152.155
191,Daniel,Andrews,dandrews5a@netscape.com,Japan,47.154.9.13
192,Katherine,Perry,kperry5b@amazon.co.jp,China,124.43.99.172
193,Paul,Morrison,pmorrison5c@cloudflare.com,Malaysia,130.154.207.45
194,Lisa,Lee,llee5d@booking.com,Argentina,252.31.34.146
195,Kenneth,Hanson,khanson5e@163.com,Syria,36.100.210.86
196,Carl,Hunter,chunter5f@java.com,Indonesia,45.165.200.132
197,Linda,Gutierrez,lgutierrez5g@cbc.ca,China,230.127.55.233
198,Rebecca,Fuller,rfuller5h@booking.com,China,242.216.160.235
199,Nancy,Gardner,ngardner5i@yellowpages.com,Sweden,146.139.54.153
200,Jessica,Fowler,jfowler5j@indiatimes.com,Indonesia,47.250.188.255
201,Donna,Simmons,dsimmons5k@nyu.edu,China,11.94.34.56
202,William,Duncan,wduncan5l@printfriendly.com,Russia,26.127.42.54
203,Chris,Bowman,cbowman5m@weibo.com,Indonesia,11.216.153.193
204,Daniel,Lawrence,dlawrence5n@google.com.hk,Indonesia,26.100.121.178
205,Melissa,Perez,mperez5o@cbc.ca,Philippines,36.90.238.216
206,Patrick,Griffin,pgriffin5p@census.gov,Chile,99.99.51.117
207,Doris,Rodriguez,drodriguez5q@wordpress.org,Cameroon,64.172.25.221
208,Emily,Alvarez,ealvarez5r@mtv.com,Indonesia,132.250.135.44
209,Barbara,Taylor,btaylor5s@ihg.com,China,5.42.221.237
210,Lawrence,Stephens,lstephens5t@altervista.org,China,99.0.112.224
211,Gerald,Gray,ggray5u@google.ca,Kosovo,204.247.28.123
212,Anna,Chapman,achapman5v@usatoday.com,France,188.35.34.21
213,Janice,Grant,jgrant5w@dyndns.org,Argentina,114.84.161.82
214,Harold,Price,hprice5x@wikipedia.org,Indonesia,255.163.191.203
215,Arthur,Dixon,adixon5y@imdb.com,Thailand,195.182.234.227
216,Linda,Jordan,ljordan5z@washingtonpost.com,Japan,116.221.79.238
217,Andrew,Harper,aharper60@ihg.com,Philippines,221.8.238.152
218,James,Kelley,jkelley61@blinklist.com,Argentina,161.32.40.237
219,Nicole,Young,nyoung62@alibaba.com,China,199.204.137.51
220,Benjamin,Spencer,bspencer63@examiner.com,Botswana,43.208.207.96
221,Harold,Hernandez,hhernandez64@ovh.net,Indonesia,241.123.221.135
222,Robin,Mason,rmason65@zimbio.com,Brazil,218.141.25.41
223,Dennis,Miller,dmiller66@nih.gov,China,73.14.233.40
224,Paul,Perkins,pperkins67@huffingtonpost.com,Japan,143.89.143.158
225,Paula,Nguyen,pnguyen68@wp.com,Vietnam,101.210.132.126
226,Brian,Payne,bpayne69@zdnet.com,Comoros,125.14.57.123
227,Russell,Williams,rwilliams6a@prnewswire.com,Tanzania,56.249.152.62
228,Nicole,Evans,nevans6b@hc360.com,Liberia,253.194.12.199
229,Paul,Armstrong,parmstrong6c@soup.io,Portugal,157.89.106.186
230,Anthony,Kim,akim6d@msu.edu,Malawi,146.204.241.72
231,Catherine,Richards,crichards6e@wikimedia.org,Armenia,247.144.58.106
232,Roy,Ward,rward6f@shinystat.com,Poland,14.218.181.76
233,Janice,Alvarez,jalvarez6g@phoca.cz,Morocco,253.74.171.118
234,Julie,Howell,jhowell6h@xing.com,Poland,71.39.2.14
235,Carol,Morales,cmorales6i@sbwire.com,Czech Republic,95.41.60.40
236,Adam,Williams,awilliams6j@tinyurl.com,Ukraine,222.241.141.79
237,Jesse,Washington,jwashington6k@telegraph.co.uk,Portugal,111.229.115.81
238,Tammy,Stone,tstone6l@topsy.com,Vietnam,156.222.199.214
239,Russell,Rogers,rrogers6m@xrea.com,China,251.105.230.124
240,Evelyn,Cook,ecook6n@pen.io,Kyrgyzstan,89.203.144.124
241,Amanda,Owens,aowens6o@uiuc.edu,Brazil,196.89.97.128
242,Kevin,Davis,kdavis6p@economist.com,Indonesia,116.117.200.83
243,Andrew,Phillips,aphillips6q@prnewswire.com,China,145.37.124.66
244,Sarah,Brown,sbrown6r@1und1.de,China,207.213.108.255
245,Sean,Dean,sdean6s@gnu.org,Kazakhstan,242.210.205.185
246,Catherine,Campbell,ccampbell6t@alibaba.com,Colombia,76.160.92.3
247,Sandra,Ellis,sellis6u@posterous.com,Peru,227.88.254.39
248,Albert,Sanchez,asanchez6v@ycombinator.com,China,153.145.156.44
249,Billy,Rice,brice6w@yolasite.com,China,209.114.129.216
250,Heather,Roberts,hroberts6x@cloudflare.com,United States,255.238.102.81
251,Martha,Ferguson,mferguson6y@comsenz.com,Japan,199.190.54.107
252,Harold,Williams,hwilliams6z@merriam-webster.com,China,54.237.163.176
253,Robert,Cole,rcole70@amazon.de,Philippines,209.7.41.118
254,Jose,Bryant,jbryant71@yellowpages.com,Ukraine,128.4.130.172
255,Thomas,Owens,towens72@mit.edu,France,14.252.139.210
256,Frank,Gutierrez,fgutierrez73@cocolog-nifty.com,Cuba,106.187.209.211
257,Jason,Kelly,jkelly74@homestead.com,Ethiopia,142.200.72.141
258,Michelle,Henderson,mhenderson75@sogou.com,Ecuador,110.84.18.236
259,Nicole,Price,nprice76@t-online.de,Sweden,205.194.108.34
260,Bonnie,Woods,bwoods77@mayoclinic.com,Russia,158.47.116.20
261,Bonnie,Lawson,blawson78@livejournal.com,Indonesia,230.86.148.58
262,Justin,Webb,jwebb79@abc.net.au,United States,10.217.239.21
263,Melissa,Wright,mwright7a@youtu.be,Brazil,114.76.63.141
264,Daniel,Schmidt,dschmidt7b@netscape.com,Guadeloupe,75.122.16.135
265,Jose,Ryan,jryan7c@shareasale.com,Russia,60.21.79.34
266,Frank,Oliver,foliver7d@china.com.cn,France,41.42.127.90
267,Roger,Baker,rbaker7e@github.com,Bolivia,123.170.219.104
268,Lois,Wright,lwright7f@freewebs.com,Japan,3.240.151.102
269,Frances,Boyd,fboyd7g@lulu.com,Nigeria,1.152.89.32
270,Virginia,Snyder,vsnyder7h@g.co,China,11.164.56.208
271,Angela,Welch,awelch7i@rambler.ru,France,250.111.68.205
272,Kathy,Bailey,kbailey7j@smugmug.com,China,160.74.152.1
273,Lois,Bradley,lbradley7k@addtoany.com,China,148.48.122.66
274,Martha,Watson,mwatson7l@rakuten.co.jp,Brazil,67.54.199.41
275,Todd,Gonzales,tgonzales7m@indiegogo.com,Syria,68.119.13.137
276,Anne,Lawson,alawson7n@wikia.com,China,17.166.112.150
277,Marilyn,Price,mprice7o@icq.com,United States,210.176.90.209
278,Daniel,Chapman,dchapman7p@boston.com,Russia,171.69.117.131
279,Catherine,Garza,cgarza7q@craigslist.org,China,59.80.43.146
280,Judith,Robertson,jrobertson7r@booking.com,Cape Verde,114.255.123.203
281,Christine,Black,cblack7s@mac.com,Indonesia,246.32.179.74
282,Timothy,Ray,tray7t@360.cn,Palau,123.159.51.71
283,Randy,Anderson,randerson7u@cnn.com,Russia,63.40.74.100
284,Karen,Franklin,kfranklin7v@e-recht24.de,Colombia,41.28.57.225
285,Steven,Fowler,sfowler7w@slideshare.net,China,71.72.62.92
286,Diane,Reid,dreid7x@nhs.uk,Serbia,243.163.189.39
287,Steven,Weaver,sweaver7y@ycombinator.com,China,37.136.211.161
288,Christina,Barnes,cbarnes7z@e-recht24.de,Sweden,108.118.87.142
289,Henry,Ramirez,hramirez80@sphinn.com,Russia,10.185.197.134
290,Brandon,Reed,breed81@ucoz.ru,Thailand,125.176.249.101
291,Scott,Murphy,smurphy82@cdc.gov,Czech Republic,87.220.248.70
292,Anne,Wells,awells83@blogtalkradio.com,China,183.101.120.252
293,Carl,Boyd,cboyd84@mtv.com,Czech Republic,94.151.98.19
294,Willie,Reynolds,wreynolds85@google.cn,Japan,241.120.70.168
295,Cheryl,Gray,cgray86@bloglines.com,Sweden,45.224.234.93
296,Thomas,Rivera,trivera87@etsy.com,China,129.14.144.61
297,Frances,Bryant,fbryant88@discuz.net,Portugal,11.135.145.72
298,Stephen,Graham,sgraham89@aboutads.info,France,70.156.174.177
299,Steven,Sanders,ssanders8a@ca.gov,Sri Lanka,245.91.71.244
300,Harry,Miller,hmiller8b@scientificamerican.com,Indonesia,6.204.220.183
301,Amy,Cole,acole8c@networksolutions.com,Indonesia,253.115.177.219
302,Kimberly,Freeman,kfreeman8d@google.ru,Philippines,164.25.125.92
303,Donald,Stephens,dstephens8e@businesswire.com,France,66.220.42.104
304,George,Smith,gsmith8f@phpbb.com,China,79.116.53.227
305,Russell,Hart,rhart8g@cbslocal.com,Indonesia,181.140.192.94
306,Brenda,Williamson,bwilliamson8h@cocolog-nifty.com,Russia,220.53.132.180
307,Brandon,Bailey,bbailey8i@google.nl,Pakistan,122.17.178.175
308,Sara,Bishop,sbishop8j@live.com,Tunisia,0.227.9.225
309,Christina,Shaw,cshaw8k@wunderground.com,Philippines,91.204.189.128
310,Kelly,Reed,kreed8l@google.com.au,France,2.220.74.161
311,Lawrence,Miller,lmiller8m@vinaora.com,Thailand,187.143.84.207
312,Jessica,Willis,jwillis8n@w3.org,Indonesia,140.19.183.158
313,Marilyn,Dean,mdean8o@yolasite.com,Slovenia,41.207.100.219
314,Paul,Garcia,pgarcia8p@pbs.org,China,127.103.14.199
315,Sandra,Ryan,sryan8q@so-net.ne.jp,Greece,62.208.84.31
316,Barbara,Butler,bbutler8r@spiegel.de,Philippines,224.154.211.138
317,William,Freeman,wfreeman8s@loc.gov,China,118.127.72.216
318,Melissa,Lopez,mlopez8t@youku.com,Indonesia,77.83.138.82
319,Gregory,Wilson,gwilson8u@qq.com,China,195.153.192.194
320,Chris,Ferguson,cferguson8v@skyrock.com,Argentina,41.194.194.223
321,Terry,Moreno,tmoreno8w@yellowbook.com,Brazil,119.159.225.135
322,Ralph,Day,rday8x@jigsy.com,Peru,60.97.86.51
323,Carol,Lawson,clawson8y@live.com,Croatia,75.10.254.86
324,Philip,Riley,priley8z@theglobeandmail.com,South Africa,67.171.43.223
325,Irene,Nelson,inelson90@yahoo.com,Saint Vincent and the Grenadines,82.40.234.210
326,Kathy,Greene,kgreene91@ucoz.ru,China,143.147.104.189
327,Rose,Lee,rlee92@google.ca,Latvia,90.17.226.199
328,Jonathan,Morales,jmorales93@ifeng.com,China,29.175.117.239
329,Jane,Henry,jhenry94@elegantthemes.com,Russia,148.185.29.169
330,Eric,Reyes,ereyes95@google.com,China,141.236.219.148
331,Victor,Burns,vburns96@yellowbook.com,Peru,118.48.113.155
332,Todd,Andrews,tandrews97@delicious.com,United States,243.180.78.85
333,Frank,Hill,fhill98@cpanel.net,Niger,20.223.40.21
334,Martha,Gonzales,mgonzales99@mozilla.org,Palestinian Territory,219.83.139.192
335,Jeffrey,Cox,jcox9a@paginegialle.it,China,218.225.170.143
336,Joan,Griffin,jgriffin9b@eepurl.com,China,56.120.35.145
337,Ralph,Alexander,ralexander9c@marketwatch.com,Morocco,146.55.124.93
338,Brian,Garrett,bgarrett9d@wunderground.com,Russia,192.240.129.142
339,Kathleen,Perkins,kperkins9e@123-reg.co.uk,Nigeria,186.164.108.163
340,George,Cox,gcox9f@blogtalkradio.com,Sweden,144.210.211.59
341,Kathleen,Ryan,kryan9g@weibo.com,Ukraine,196.45.142.208
342,Nicholas,Cooper,ncooper9h@wix.com,Serbia,197.99.175.24
343,Matthew,Ramirez,mramirez9i@skype.com,China,244.20.178.107
344,Thomas,Wallace,twallace9j@ucoz.com,Japan,124.148.158.163
345,Robin,Gilbert,rgilbert9k@blogtalkradio.com,Ukraine,175.217.240.40
346,Anthony,Lynch,alynch9l@sitemeter.com,France,197.115.204.120
347,Barbara,Meyer,bmeyer9m@cnbc.com,Azerbaijan,233.1.142.148
348,Catherine,Turner,cturner9n@google.pl,China,215.47.77.45
349,Dorothy,Anderson,danderson9o@fda.gov,China,203.140.203.40
350,Heather,Cook,hcook9p@flickr.com,Senegal,149.190.121.81
351,Phyllis,Owens,powens9q@theglobeandmail.com,Greece,33.15.167.202
352,Doris,Butler,dbutler9r@cisco.com,Kenya,160.202.146.149
353,Carolyn,Hill,chill9s@vk.com,Nigeria,227.50.119.221
354,Carol,Patterson,cpatterson9t@guardian.co.uk,France,10.215.126.75
355,Evelyn,Sanchez,esanchez9u@toplist.cz,Ukraine,145.7.15.222
356,Brenda,Kennedy,bkennedy9v@timesonline.co.uk,China,150.150.127.72
357,Jane,Burke,jburke9w@bloglines.com,China,108.252.123.207
358,Andrew,Webb,awebb9x@angelfire.com,Comoros,214.74.65.128
359,Ann,Fisher,afisher9y@earthlink.net,Brazil,121.118.63.140
360,Michael,Coleman,mcoleman9z@live.com,United States,217.58.131.205
361,Brandon,Miller,bmillera0@51.la,United States,199.11.91.34
362,Deborah,Fields,dfieldsa1@dyndns.org,Sweden,187.157.44.134
363,Barbara,Wagner,bwagnera2@dailymotion.com,Russia,203.19.206.138
364,Ryan,Parker,rparkera3@apple.com,Poland,43.27.35.43
365,Howard,Patterson,hpattersona4@noaa.gov,Brazil,133.63.73.194
366,Martha,Clark,mclarka5@yale.edu,China,25.29.127.85
367,Virginia,Washington,vwashingtona6@bloglines.com,China,61.103.31.194
368,Arthur,Mills,amillsa7@oaic.gov.au,Argentina,200.89.21.134
369,Ann,Ryan,aryana8@photobucket.com,Indonesia,181.218.107.136
370,Wanda,Lopez,wlopeza9@livejournal.com,Croatia,172.35.117.49
371,Janet,Webb,jwebbaa@google.de,Canada,56.216.244.126
372,Sharon,Wells,swellsab@mapy.cz,Armenia,49.143.118.39
373,Wanda,Woods,wwoodsac@rediff.com,China,218.68.112.180
374,Thomas,Black,tblackad@google.pl,Japan,112.223.142.147
375,Anna,Jacobs,ajacobsae@mapy.cz,China,63.207.145.166
376,Joan,Lawrence,jlawrenceaf@army.mil,Ukraine,39.243.241.226
377,Cheryl,Hall,challag@spotify.com,Canada,236.117.177.93
378,Philip,Peters,ppetersah@bandcamp.com,Yemen,246.238.50.100
379,Harry,Cruz,hcruzai@skyrock.com,Indonesia,235.2.58.246
380,Douglas,Montgomery,dmontgomeryaj@mtv.com,Indonesia,86.238.105.123
381,Jessica,Holmes,jholmesak@google.pl,France,21.207.37.79
382,Virginia,Henderson,vhendersonal@timesonline.co.uk,Pakistan,27.57.30.66
383,Virginia,Gutierrez,vgutierrezam@columbia.edu,Canada,6.235.167.95
384,Douglas,Porter,dporteran@state.gov,Indonesia,76.66.13.33
385,Carolyn,Holmes,cholmesao@narod.ru,Bangladesh,92.240.188.168
386,George,Bishop,gbishopap@oakley.com,Poland,10.46.102.126
387,Roy,Gomez,rgomezaq@prweb.com,Sweden,217.107.207.166
388,Ralph,Reynolds,rreynoldsar@amazonaws.com,Mauritius,183.57.253.68
389,Norma,James,njamesas@php.net,China,114.66.166.230
390,Diane,Perez,dperezat@goodreads.com,China,58.209.204.235
391,Pamela,Carpenter,pcarpenterau@narod.ru,Portugal,101.5.237.9
392,Steve,Johnston,sjohnstonav@shinystat.com,Canada,136.82.199.54
393,Carol,Patterson,cpattersonaw@google.es,China,193.79.226.170
394,Michael,Cunningham,mcunninghamax@bigcartel.com,Indonesia,88.5.125.214
395,Betty,Carpenter,bcarpenteray@macromedia.com,Russia,54.187.217.239
396,Jacqueline,Cruz,jcruzaz@moonfruit.com,Philippines,133.65.175.247
397,Kathryn,Miller,kmillerb0@businessinsider.com,Russia,212.199.242.88
398,Mildred,Garrett,mgarrettb1@gizmodo.com,Uzbekistan,61.72.85.193
399,Donna,Gray,dgrayb2@i2i.jp,Japan,199.109.143.111
400,Harry,Powell,hpowellb3@amazon.com,Malta,135.186.208.193
401,Melissa,Adams,madamsb4@unc.edu,Luxembourg,35.14.143.223
402,William,Peters,wpetersb5@samsung.com,China,54.170.33.181
403,Samuel,Sullivan,ssullivanb6@mapy.cz,China,92.69.18.151
404,Kenneth,Welch,kwelchb7@home.pl,Iran,221.240.45.45
405,Earl,Reynolds,ereynoldsb8@macromedia.com,Indonesia,62.160.182.177
406,Samuel,Bell,sbellb9@storify.com,Bulgaria,6.128.218.116
407,Steve,Day,sdayba@sciencedaily.com,Nigeria,108.233.239.8
408,Ann,Willis,awillisbb@google.nl,Indonesia,231.244.5.91
409,Sandra,Ward,swardbc@parallels.com,Greece,92.40.199.211
410,Bruce,Anderson,bandersonbd@slate.com,Brazil,34.212.218.79
411,Justin,Burton,jburtonbe@imgur.com,Thailand,5.22.23.46
412,Annie,Long,alongbf@netscape.com,Sweden,196.229.153.55
413,Ashley,Rice,aricebg@nbcnews.com,Philippines,52.133.25.50
414,Louise,Brooks,lbrooksbh@zimbio.com,Argentina,160.42.246.94
415,Brian,Carpenter,bcarpenterbi@unc.edu,Greece,201.190.49.37
416,Willie,Payne,wpaynebj@discuz.net,China,17.23.164.220
417,Gregory,Wagner,gwagnerbk@surveymonkey.com,China,141.63.15.185
418,Julie,Allen,jallenbl@usda.gov,Kazakhstan,215.93.249.242
419,Timothy,Bell,tbellbm@epa.gov,Argentina,66.38.201.10
420,Elizabeth,Weaver,eweaverbn@com.com,Mexico,145.126.70.61
421,Raymond,Peters,rpetersbo@drupal.org,Philippines,1.248.193.5
422,Ashley,Austin,aaustinbp@howstuffworks.com,Sweden,5.218.248.180
423,Sharon,Ross,srossbq@washingtonpost.com,Argentina,58.32.210.40
424,Janice,Moore,jmoorebr@mozilla.com,China,225.208.53.134
425,Gary,Robinson,grobinsonbs@tripadvisor.com,Micronesia,122.104.122.223
426,Dennis,Hicks,dhicksbt@yandex.ru,Panama,54.85.125.130
427,Carlos,Walker,cwalkerbu@yandex.ru,Czech Republic,66.1.40.135
428,Michelle,Brown,mbrownbv@mapy.cz,China,180.130.54.175
429,Lisa,Gutierrez,lgutierrezbw@photobucket.com,Canada,191.128.101.3
430,Antonio,Miller,amillerbx@usatoday.com,Madagascar,91.66.57.189
431,Fred,Bradley,fbradleyby@joomla.org,Burkina Faso,203.208.46.176
432,Thomas,Fisher,tfisherbz@bigcartel.com,Democratic Republic of the Congo,152.195.73.214
433,John,Scott,jscottc0@sakura.ne.jp,Estonia,30.220.237.151
434,Katherine,James,kjamesc1@yale.edu,Greece,231.50.213.145
435,Katherine,Mcdonald,kmcdonaldc2@sphinn.com,Poland,41.156.161.241
436,Heather,Simmons,hsimmonsc3@infoseek.co.jp,China,3.176.20.166
437,Deborah,Johnston,djohnstonc4@wufoo.com,Indonesia,26.251.100.32
438,Catherine,Williamson,cwilliamsonc5@intel.com,Poland,170.165.208.70
439,Howard,Anderson,handersonc6@example.com,Nigeria,23.234.148.225
440,Harold,Stewart,hstewartc7@ucla.edu,Philippines,80.117.227.3
441,Shawn,Mcdonald,smcdonaldc8@foxnews.com,Malaysia,134.230.194.183
442,Andrea,Torres,atorresc9@mapy.cz,Indonesia,87.216.241.133
443,Linda,Kim,lkimca@usda.gov,Peru,123.47.21.170
444,Kathy,Edwards,kedwardscb@wired.com,Indonesia,67.160.174.146
445,Willie,Rose,wrosecc@timesonline.co.uk,Ukraine,178.156.112.10
446,Jack,Andrews,jandrewscd@examiner.com,Indonesia,106.30.26.214
447,Robert,Garcia,rgarciace@canalblog.com,China,148.62.63.20
448,Jacqueline,Washington,jwashingtoncf@mail.ru,Tanzania,205.139.209.161
449,Randy,Mcdonald,rmcdonaldcg@hhs.gov,Yemen,87.64.19.221
450,Carol,Fuller,cfullerch@fotki.com,Philippines,56.53.123.20
451,Samuel,George,sgeorgeci@indiegogo.com,China,84.175.213.206
452,Robert,Ellis,relliscj@google.it,United States,207.21.169.127
453,Jacqueline,Clark,jclarkck@ibm.com,Colombia,112.189.49.5
454,Martha,Arnold,marnoldcl@google.com.br,Jamaica,5.95.225.25
455,Brian,Watson,bwatsoncm@edublogs.org,Iran,135.188.77.116
456,Howard,Richardson,hrichardsoncn@1und1.de,United States,23.144.255.114
457,Carlos,Smith,csmithco@utexas.edu,Portugal,201.255.184.167
458,Steve,Medina,smedinacp@bing.com,Poland,112.76.238.200
459,Margaret,Morris,mmorriscq@pinterest.com,Indonesia,159.228.148.220
460,Robert,Turner,rturnercr@github.com,Mexico,111.95.41.53
461,Patrick,Andrews,pandrewscs@goo.ne.jp,Nigeria,183.219.244.16
462,Jessica,Sanchez,jsanchezct@netlog.com,Mauritania,197.1.212.132
463,Brenda,Chavez,bchavezcu@diigo.com,China,198.193.104.75
464,Joyce,Little,jlittlecv@tinypic.com,Mexico,168.120.242.253
465,Carl,Cook,ccookcw@fda.gov,Sweden,122.214.216.249
466,Sean,Mendoza,smendozacx@ning.com,China,248.185.166.255
467,Brandon,Burke,bburkecy@is.gd,Yemen,175.219.173.169
468,Cynthia,Daniels,cdanielscz@whitehouse.gov,Argentina,15.182.55.32
469,Billy,Ray,brayd0@uiuc.edu,Colombia,14.153.125.81
470,Jeffrey,Dunn,jdunnd1@china.com.cn,China,54.81.41.86
471,Lisa,Johnson,ljohnsond2@dyndns.org,Palestinian Territory,51.175.212.112
472,Edward,Richardson,erichardsond3@over-blog.com,Colombia,123.140.172.243
473,Douglas,Cooper,dcooperd4@constantcontact.com,Czech Republic,105.67.230.6
474,Patricia,Campbell,pcampbelld5@whitehouse.gov,China,11.100.177.223
475,Jerry,Hunter,jhunterd6@nyu.edu,China,66.95.148.29
476,Jennifer,Gonzalez,jgonzalezd7@nbcnews.com,China,77.23.230.72
477,Tina,Bowman,tbowmand8@facebook.com,Albania,134.94.242.113
478,Lillian,Romero,lromerod9@webeden.co.uk,China,58.38.5.252
479,Susan,Mills,smillsda@aboutads.info,Philippines,154.103.188.71
480,Angela,Cook,acookdb@bing.com,Uganda,15.69.185.217
481,Shirley,Pierce,spiercedc@uiuc.edu,France,163.14.178.16
482,Janet,Allen,jallendd@adobe.com,United Kingdom,0.120.237.131
483,Gerald,West,gwestde@reference.com,Philippines,232.92.168.50
484,Ruby,Oliver,roliverdf@naver.com,Russia,191.175.81.180
485,Ernest,Jones,ejonesdg@dailymotion.com,Indonesia,137.248.253.148
486,Ashley,Carpenter,acarpenterdh@fema.gov,China,30.108.109.233
487,Joyce,Medina,jmedinadi@addthis.com,Serbia,18.213.141.31
488,Matthew,Ward,mwarddj@senate.gov,Rwanda,185.19.216.85
489,Lois,Sanders,lsandersdk@example.com,Brazil,126.23.140.220
490,Paula,Scott,pscottdl@diigo.com,Poland,248.15.74.91
491,Russell,Holmes,rholmesdm@imdb.com,Kazakhstan,106.33.149.186
492,Kevin,Evans,kevansdn@i2i.jp,Indonesia,142.90.237.95
493,Bonnie,Mccoy,bmccoydo@house.gov,Canada,22.19.219.99
494,Alan,Ramos,aramosdp@slideshare.net,Philippines,109.119.138.144
495,Julie,Weaver,jweaverdq@g.co,China,138.38.143.72
496,Paul,Riley,prileydr@aboutads.info,China,217.95.34.109
497,Donna,Fisher,dfisherds@illinois.edu,Palestinian Territory,126.19.212.235
498,Jesse,Cole,jcoledt@miitbeian.gov.cn,Czech Republic,106.226.47.47
499,Patricia,Graham,pgrahamdu@dailymail.co.uk,Brazil,39.54.84.145
500,Matthew,George,mgeorgedv@cnn.com,Chad,187.169.189.87
501,Louise,Wright,lwrightdw@pinterest.com,Philippines,77.120.185.98
502,Virginia,Bradley,vbradleydx@yolasite.com,Indonesia,149.26.166.250
503,Martha,Richardson,mrichardsondy@chicagotribune.com,Indonesia,36.58.192.226
504,Kimberly,Vasquez,kvasquezdz@yahoo.co.jp,Mozambique,137.168.16.142
505,Rose,Hudson,rhudsone0@chron.com,China,56.85.194.247
506,Bobby,Duncan,bduncane1@time.com,Malaysia,113.168.62.222
507,Frances,Day,fdaye2@gravatar.com,Cameroon,245.32.193.40
508,George,Johnston,gjohnstone3@nymag.com,China,153.77.193.141
509,Emily,Fields,efieldse4@google.com,Canada,109.85.130.37
510,Eugene,Johnston,ejohnstone5@constantcontact.com,China,116.138.234.51
511,David,Wells,dwellse6@psu.edu,Peru,13.7.152.93
512,Elizabeth,Harris,eharrise7@thetimes.co.uk,Czech Republic,139.203.44.31
513,Anne,Murphy,amurphye8@ask.com,Saint Vincent and the Grenadines,196.168.253.140
514,Laura,Riley,lrileye9@apple.com,Uganda,63.8.201.155
515,Ann,Jacobs,ajacobsea@economist.com,China,219.222.212.89
516,Aaron,Carroll,acarrolleb@csmonitor.com,Russia,20.235.232.62
517,Theresa,Young,tyoungec@uiuc.edu,Portugal,233.76.254.103
518,Anna,Ferguson,afergusoned@diigo.com,France,245.177.34.156
519,Beverly,Frazier,bfrazieree@theatlantic.com,China,189.226.14.53
520,Mark,Lane,mlaneef@webmd.com,Philippines,79.210.80.33
521,Wanda,Sanders,wsanderseg@gmpg.org,Sweden,109.3.70.43
522,Daniel,Hanson,dhansoneh@opensource.org,Portugal,180.122.9.210
523,Anne,Welch,awelchei@imgur.com,France,64.39.74.139
524,Willie,Henderson,whendersonej@time.com,Czech Republic,38.9.101.18
525,David,Williams,dwilliamsek@reddit.com,China,215.49.48.247
526,Charles,Dean,cdeanel@biglobe.ne.jp,Yemen,151.204.178.42
527,Jose,Ellis,jellisem@myspace.com,Argentina,157.5.120.81
528,Richard,Perry,rperryen@imageshack.us,Ethiopia,111.9.131.72
529,Sharon,Hicks,shickseo@youtu.be,Philippines,144.210.109.32
530,Chris,Gutierrez,cgutierrezep@irs.gov,Croatia,68.243.113.243
531,Betty,Simmons,bsimmonseq@ebay.co.uk,Tanzania,25.204.26.22
532,Ruby,Howard,rhowarder@microsoft.com,Colombia,31.3.186.148
533,Sara,Hall,shalles@taobao.com,China,48.26.75.228
534,Jeffrey,Medina,jmedinaet@wikimedia.org,Czech Republic,164.117.57.31
535,Frances,Henry,fhenryeu@phpbb.com,United States,71.237.211.58
536,Alice,Franklin,afranklinev@mysql.com,China,64.174.216.138
537,Andrea,Ross,arossew@businessweek.com,Netherlands,193.2.25.246
538,Paul,Adams,padamsex@wikispaces.com,Indonesia,26.204.251.186
539,Carol,Morris,cmorrisey@icio.us,China,79.59.146.112
540,Ralph,Torres,rtorresez@opera.com,Brazil,209.132.16.133
541,Arthur,Knight,aknightf0@house.gov,Netherlands,70.235.121.168
542,Nicole,Morrison,nmorrisonf1@buzzfeed.com,Peru,10.213.14.162
543,Paul,Robertson,probertsonf2@intel.com,Thailand,137.8.124.180
544,Gregory,Mcdonald,gmcdonaldf3@uol.com.br,China,203.135.17.172
545,Judith,Peters,jpetersf4@spiegel.de,South Korea,206.18.120.79
546,Randy,Hawkins,rhawkinsf5@umich.edu,Brazil,1.190.224.60
547,Aaron,Woods,awoodsf6@issuu.com,Colombia,210.12.242.170
548,Raymond,Castillo,rcastillof7@posterous.com,United Kingdom,63.118.56.190
549,Judy,Mccoy,jmccoyf8@moonfruit.com,Brazil,63.134.115.61
550,Harold,Thomas,hthomasf9@istockphoto.com,Philippines,29.105.248.251
551,Debra,Kennedy,dkennedyfa@oracle.com,Indonesia,40.176.108.99
552,Chris,Gutierrez,cgutierrezfb@icio.us,Brazil,61.154.53.181
553,Antonio,Morris,amorrisfc@indiegogo.com,Russia,102.135.58.96
554,Kevin,Reed,kreedfd@desdev.cn,Philippines,73.185.82.118
555,Virginia,Hawkins,vhawkinsfe@indiatimes.com,China,15.0.62.118
556,Lois,Shaw,lshawff@businessweek.com,Russia,255.30.73.42
557,Anthony,Richardson,arichardsonfg@shop-pro.jp,Myanmar,104.20.160.226
558,Cynthia,Perry,cperryfh@mayoclinic.com,Russia,157.223.155.193
559,Nicole,Grant,ngrantfi@photobucket.com,Democratic Republic of the Congo,155.241.9.108
560,Dennis,Nichols,dnicholsfj@apache.org,Russia,87.252.32.54
561,Ruth,Perkins,rperkinsfk@aboutads.info,Greece,247.28.137.115
562,Brenda,Owens,bowensfl@howstuffworks.com,France,101.104.59.36
563,Sharon,Wood,swoodfm@patch.com,Canada,3.40.162.68
564,Stephen,Knight,sknightfn@liveinternet.ru,China,2.83.122.49
565,Norma,Perkins,nperkinsfo@marketwatch.com,Mexico,130.157.219.19
566,Adam,Torres,atorresfp@deviantart.com,Czech Republic,20.78.11.130
567,Steven,Vasquez,svasquezfq@sakura.ne.jp,Libya,203.182.154.61
568,Kevin,Harrison,kharrisonfr@etsy.com,Afghanistan,248.237.8.95
569,Paula,Bishop,pbishopfs@quantcast.com,Greece,164.149.101.197
570,Kathy,Gordon,kgordonft@furl.net,Gambia,30.7.67.224
571,Christopher,Bennett,cbennettfu@nature.com,China,90.75.147.163
572,Fred,Hicks,fhicksfv@creativecommons.org,China,34.41.132.21
573,Phillip,Perry,pperryfw@digg.com,Indonesia,113.244.88.84
574,Nancy,Gordon,ngordonfx@ft.com,Lithuania,78.224.109.225
575,Ernest,Gomez,egomezfy@webs.com,Greece,94.42.162.201
576,Billy,Andrews,bandrewsfz@census.gov,Serbia,29.221.107.235
577,Ruth,Hernandez,rhernandezg0@nytimes.com,Russia,254.123.101.23
578,Keith,Alvarez,kalvarezg1@apache.org,Indonesia,174.150.94.57
579,Lori,Walker,lwalkerg2@altervista.org,Portugal,224.198.221.169
580,Lillian,Wilson,lwilsong3@mysql.com,Poland,29.149.15.53
581,Kevin,Matthews,kmatthewsg4@go.com,Poland,190.39.207.46
582,Karen,Moreno,kmorenog5@blogspot.com,United States,226.73.72.84
583,Barbara,Palmer,bpalmerg6@vkontakte.ru,China,205.18.59.161
584,Susan,Robinson,srobinsong7@gravatar.com,Indonesia,143.135.117.250
585,Nicholas,Robinson,nrobinsong8@yahoo.com,Russia,97.83.169.125
586,Phyllis,Wood,pwoodg9@gmpg.org,Philippines,71.165.94.187
587,Anna,Fields,afieldsga@github.com,Indonesia,186.126.177.108
588,Christopher,Hernandez,chernandezgb@cdbaby.com,Serbia,32.160.228.136
589,Joyce,Martinez,jmartinezgc@marketwatch.com,Vietnam,62.10.38.88
590,Paul,Rogers,progersgd@php.net,Brazil,125.195.215.213
591,Eugene,Hunt,ehuntge@utexas.edu,Philippines,223.171.108.72
592,Dennis,Robertson,drobertsongf@dropbox.com,Albania,4.186.149.13
593,Sarah,Jenkins,sjenkinsgg@tinypic.com,China,42.237.58.191
594,Anne,Foster,afostergh@skyrock.com,China,13.99.49.221
595,Ryan,Mcdonald,rmcdonaldgi@dmoz.org,Indonesia,150.138.201.66
596,Teresa,Johnston,tjohnstongj@vimeo.com,Philippines,56.3.174.210
597,Roy,Reed,rreedgk@tamu.edu,Portugal,10.240.140.222
598,Sean,Nichols,snicholsgl@over-blog.com,Russia,51.246.150.107
599,Johnny,Howell,jhowellgm@ask.com,Kyrgyzstan,224.178.209.102
600,Stephanie,Baker,sbakergn@mtv.com,Philippines,210.192.16.149
601,Deborah,Daniels,ddanielsgo@twitpic.com,Indonesia,22.248.183.114
602,Eric,Duncan,eduncangp@opensource.org,Uruguay,87.125.209.56
603,Joyce,Green,jgreengq@bbc.co.uk,China,253.73.72.185
604,Diane,Hansen,dhansengr@sourceforge.net,Macedonia,119.45.237.5
605,Louise,Hicks,lhicksgs@home.pl,Canada,126.78.23.172
606,Cheryl,Reyes,creyesgt@mit.edu,French Polynesia,73.229.47.79
607,Cynthia,Garrett,cgarrettgu@addtoany.com,Philippines,29.119.233.140
608,Jennifer,Rogers,jrogersgv@whitehouse.gov,Norway,13.68.203.61
609,David,Morris,dmorrisgw@examiner.com,Poland,106.220.185.126
610,Gary,Morrison,gmorrisongx@tiny.cc,Argentina,76.158.56.193
611,Sandra,Carter,scartergy@prweb.com,China,87.177.39.29
612,John,Davis,jdavisgz@accuweather.com,Argentina,108.68.225.212
613,Michelle,Cooper,mcooperh0@businessweek.com,China,204.59.179.172
614,Willie,Butler,wbutlerh1@sogou.com,China,140.242.228.72
615,Teresa,Howard,thowardh2@bing.com,Venezuela,120.174.101.89
616,Karen,Cox,kcoxh3@joomla.org,Albania,119.115.224.52
617,Tammy,Campbell,tcampbellh4@spotify.com,Brazil,159.108.39.10
618,Willie,Moreno,wmorenoh5@boston.com,Kazakhstan,77.118.164.83
619,Michelle,Holmes,mholmesh6@zimbio.com,Sweden,64.39.17.190
620,Phyllis,Armstrong,parmstrongh7@dot.gov,China,16.197.230.181
621,Benjamin,Nguyen,bnguyenh8@umich.edu,Brazil,10.219.233.119
622,Gerald,Shaw,gshawh9@webs.com,Brazil,149.241.206.211
623,Ashley,Hart,ahartha@gizmodo.com,Paraguay,234.135.7.41
624,Julie,Hughes,jhugheshb@quantcast.com,Sweden,54.216.11.85
625,Kevin,Greene,kgreenehc@noaa.gov,Estonia,215.166.63.143
626,Terry,Larson,tlarsonhd@hc360.com,Philippines,161.231.242.230
627,Frances,Daniels,fdanielshe@4shared.com,China,162.28.240.250
628,Lillian,Thompson,lthompsonhf@disqus.com,Nepal,183.44.166.123
629,Judy,Weaver,jweaverhg@ehow.com,China,201.144.193.213
630,Chris,Barnes,cbarneshh@51.la,Zambia,221.140.87.157
631,Sarah,Hughes,shugheshi@google.ca,Mexico,245.175.4.114
632,Jane,Wagner,jwagnerhj@macromedia.com,Canada,203.9.97.136
633,Lori,Diaz,ldiazhk@twitter.com,China,6.11.40.86
634,Carol,Stewart,cstewarthl@people.com.cn,China,126.241.59.7
635,Wayne,Mccoy,wmccoyhm@ifeng.com,Mongolia,1.81.39.89
636,Cheryl,Lane,clanehn@thetimes.co.uk,China,231.93.26.15
637,Roy,Miller,rmillerho@examiner.com,Macedonia,215.199.131.140
638,Ryan,Morgan,rmorganhp@netscape.com,Papua New Guinea,47.118.52.84
639,Brandon,Dunn,bdunnhq@weibo.com,Indonesia,105.145.6.10
640,Rachel,Reid,rreidhr@berkeley.edu,China,160.56.30.238
641,Amy,Dunn,adunnhs@imgur.com,Vietnam,225.221.241.130
642,Cheryl,Vasquez,cvasquezht@issuu.com,Comoros,220.173.185.126
643,Sean,Graham,sgrahamhu@yandex.ru,Ukraine,1.121.192.227
644,Martha,Johnston,mjohnstonhv@google.fr,Colombia,15.117.62.152
645,Ruby,Jones,rjoneshw@sogou.com,Cocos Islands,22.250.202.90
646,Kenneth,Adams,kadamshx@simplemachines.org,Cuba,90.117.184.89
647,Brian,Hicks,bhickshy@mit.edu,North Korea,201.200.61.127
648,Joseph,Kim,jkimhz@gizmodo.com,Greece,156.186.90.10
649,Beverly,Griffin,bgriffini0@unblog.fr,Indonesia,247.113.204.153
650,Edward,Scott,escotti1@nifty.com,Albania,102.57.83.45
651,Virginia,Barnes,vbarnesi2@bigcartel.com,Cyprus,173.114.75.41
652,Tammy,Ferguson,tfergusoni3@wiley.com,China,246.68.163.93
653,Joseph,Frazier,jfrazieri4@nsw.gov.au,Philippines,89.128.137.102
654,Andrew,Nelson,anelsoni5@baidu.com,Mexico,69.148.90.146
655,Jane,West,jwesti6@tmall.com,Chile,79.124.248.212
656,Richard,Wallace,rwallacei7@discovery.com,Philippines,251.199.253.235
657,Joan,Nelson,jnelsoni8@uiuc.edu,Czech Republic,145.168.140.29
658,Frank,Stone,fstonei9@earthlink.net,Brazil,254.197.162.202
659,Amanda,Morgan,amorgania@github.io,Peru,60.147.179.48
660,Angela,Williams,awilliamsib@ftc.gov,Serbia,36.74.133.76
661,Lori,Wagner,lwagneric@etsy.com,Indonesia,142.30.74.154
662,Roger,Castillo,rcastilloid@dropbox.com,Philippines,83.122.1.46
663,Norma,Daniels,ndanielsie@wisc.edu,Philippines,116.200.218.103
664,Fred,Evans,fevansif@ox.ac.uk,China,29.227.200.143
665,Maria,Cox,mcoxig@google.es,Czech Republic,224.25.60.118
666,Craig,Fowler,cfowlerih@europa.eu,China,56.182.83.110
667,Lori,Wallace,lwallaceii@google.fr,Democratic Republic of the Congo,113.5.147.123
668,Earl,Ross,erossij@fastcompany.com,China,244.47.171.101
669,Angela,Foster,afosterik@theglobeandmail.com,Greece,213.241.217.216
670,Johnny,Fox,jfoxil@miitbeian.gov.cn,China,161.8.186.197
671,Martha,Walker,mwalkerim@mapquest.com,Poland,93.59.38.117
672,Irene,Webb,iwebbin@google.it,Finland,236.27.32.186
673,Benjamin,King,bkingio@macromedia.com,"Bonaire, Saint Eustatius and Saba ",131.39.96.51
674,Joe,Hamilton,jhamiltonip@ustream.tv,Bangladesh,13.136.1.104
675,Martin,Gordon,mgordoniq@infoseek.co.jp,Niger,5.5.105.169
676,Marilyn,Carr,mcarrir@jugem.jp,China,58.75.77.239
677,Theresa,Robertson,trobertsonis@sbwire.com,Philippines,204.52.5.54
678,Jason,Ray,jrayit@discovery.com,China,228.182.41.188
679,Barbara,Henderson,bhendersoniu@nps.gov,Russia,41.33.220.32
680,Randy,Foster,rfosteriv@posterous.com,Malaysia,93.211.27.222
681,Brenda,Rodriguez,brodrigueziw@issuu.com,Argentina,80.8.246.39
682,Nicole,Ruiz,nruizix@cdc.gov,Portugal,156.7.37.161
683,Kathy,Ray,krayiy@sciencedirect.com,France,95.114.10.142
684,Wanda,Chavez,wchaveziz@eventbrite.com,Indonesia,188.153.75.33
685,Jacqueline,Anderson,jandersonj0@earthlink.net,China,133.205.54.146
686,Kathy,Armstrong,karmstrongj1@washingtonpost.com,Nicaragua,214.4.39.197
687,Cynthia,Ferguson,cfergusonj2@arstechnica.com,China,105.195.210.194
688,Deborah,Porter,dporterj3@mozilla.org,China,51.47.112.151
689,Raymond,Bowman,rbowmanj4@acquirethisname.com,Indonesia,135.226.124.190
690,Emily,Reyes,ereyesj5@ibm.com,Indonesia,8.130.164.242
691,Tammy,Rivera,triveraj6@washington.edu,China,47.88.5.217
692,Annie,Johnson,ajohnsonj7@fotki.com,Vietnam,54.51.19.151
693,Janet,George,jgeorgej8@squidoo.com,Estonia,27.189.176.44
694,Charles,Cook,ccookj9@aol.com,Brazil,178.156.69.136
695,Ruby,Burton,rburtonja@timesonline.co.uk,Philippines,213.30.165.62
696,Norma,Adams,nadamsjb@stanford.edu,Japan,46.177.82.135
697,Cheryl,Myers,cmyersjc@cornell.edu,Japan,13.69.29.108
698,Sean,Ford,sfordjd@over-blog.com,Russia,46.228.4.153
699,Matthew,Lewis,mlewisje@engadget.com,Libya,252.110.49.200
700,Adam,George,ageorgejf@opensource.org,Indonesia,14.52.138.154
701,Jack,Palmer,jpalmerjg@un.org,Kuwait,0.110.104.173
702,Joyce,Pierce,jpiercejh@sakura.ne.jp,Russia,121.109.208.220
703,Russell,Fowler,rfowlerji@360.cn,Sudan,166.175.234.246
704,Cynthia,Peterson,cpetersonjj@aboutads.info,Philippines,222.111.254.151
705,Joyce,Patterson,jpattersonjk@wordpress.com,Colombia,36.4.205.87
706,Janet,Harper,jharperjl@salon.com,Indonesia,207.56.45.97
707,Mildred,Stewart,mstewartjm@mapquest.com,Spain,185.111.29.56
708,Bonnie,Foster,bfosterjn@prlog.org,Russia,9.21.173.195
709,Kathy,Harvey,kharveyjo@wired.com,China,70.246.45.105
710,Kathleen,Moreno,kmorenojp@irs.gov,China,13.111.219.6
711,Maria,Rodriguez,mrodriguezjq@xinhuanet.com,Monaco,41.83.13.70
712,Amy,Stephens,astephensjr@nba.com,Russia,17.78.167.90
713,Victor,Cooper,vcooperjs@github.com,Brazil,220.240.53.224
714,Patrick,Griffin,pgriffinjt@mac.com,Canada,89.32.157.136
715,Juan,Stephens,jstephensju@deliciousdays.com,Colombia,111.22.213.58
716,Tina,Schmidt,tschmidtjv@123-reg.co.uk,Poland,8.219.17.122
717,Janice,Snyder,jsnyderjw@reuters.com,Thailand,8.196.214.137
718,Jimmy,Campbell,jcampbelljx@yellowbook.com,Czech Republic,226.18.105.111
719,Patricia,Jacobs,pjacobsjy@indiatimes.com,China,37.169.223.79
720,Juan,Larson,jlarsonjz@ask.com,Ukraine,41.36.17.211
721,Scott,Butler,sbutlerk0@github.io,Indonesia,214.201.39.87
722,Bruce,Bennett,bbennettk1@google.de,Syria,157.140.96.70
723,Chris,Burns,cburnsk2@etsy.com,Colombia,244.6.208.97
724,Jason,Wallace,jwallacek3@telegraph.co.uk,Russia,189.199.254.225
725,Maria,Snyder,msnyderk4@redcross.org,Brazil,14.114.229.194
726,Laura,Wallace,lwallacek5@meetup.com,Brazil,72.184.109.70
727,William,Gutierrez,wgutierrezk6@posterous.com,Philippines,88.218.249.154
728,Karen,Martin,kmartink7@howstuffworks.com,Indonesia,97.143.158.204
729,Henry,Richards,hrichardsk8@sina.com.cn,Yemen,68.66.5.89
730,Mark,Thompson,mthompsonk9@cbc.ca,Philippines,10.111.152.30
731,Melissa,Dixon,mdixonka@gravatar.com,Bolivia,51.100.91.213
732,Patricia,Ryan,pryankb@mlb.com,Brazil,33.251.114.186
733,Matthew,Gardner,mgardnerkc@4shared.com,Indonesia,13.196.24.97
734,Raymond,Knight,rknightkd@taobao.com,China,176.18.62.212
735,Willie,Hawkins,whawkinske@ask.com,Philippines,32.89.132.18
736,Lillian,Morales,lmoraleskf@sciencedirect.com,Serbia,188.217.102.12
737,Jack,Garza,jgarzakg@bandcamp.com,Luxembourg,238.173.168.198
738,Sara,Stewart,sstewartkh@army.mil,China,10.112.83.59
739,Shirley,Lee,sleeki@hubpages.com,Argentina,137.229.73.183
740,Jennifer,Cunningham,jcunninghamkj@huffingtonpost.com,Philippines,114.32.48.132
741,Lois,Moreno,lmorenokk@accuweather.com,Cuba,125.78.188.4
742,Victor,Lee,vleekl@sitemeter.com,Mali,79.133.245.208
743,Jesse,Alexander,jalexanderkm@umich.edu,Thailand,164.216.112.165
744,Dennis,Riley,drileykn@cafepress.com,Peru,154.227.173.89
745,Wayne,Austin,waustinko@gov.uk,France,253.111.136.218
746,Annie,Holmes,aholmeskp@unc.edu,China,112.33.0.124
747,Bruce,Arnold,barnoldkq@phoca.cz,Indonesia,89.7.192.186
748,Henry,Reid,hreidkr@gov.uk,China,193.81.171.51
749,Denise,Lawrence,dlawrenceks@businessweek.com,Malaysia,192.57.211.191
750,Rose,Frazier,rfrazierkt@time.com,Sweden,144.13.208.99
751,Samuel,Cook,scookku@hatena.ne.jp,Central African Republic,12.29.11.13
752,Debra,Knight,dknightkv@google.cn,Brazil,231.218.207.180
753,Gregory,Schmidt,gschmidtkw@skyrock.com,Mauritius,103.186.66.87
754,Patrick,Williamson,pwilliamsonkx@shareasale.com,China,124.198.144.43
755,Lori,Bowman,lbowmanky@edublogs.org,Indonesia,91.186.155.42
756,Betty,Miller,bmillerkz@cloudflare.com,Philippines,174.156.107.170
757,Norma,Ward,nwardl0@boston.com,Portugal,191.175.50.169
758,Beverly,Torres,btorresl1@ocn.ne.jp,Greece,44.140.141.2
759,Bonnie,George,bgeorgel2@uiuc.edu,Zimbabwe,222.31.38.187
760,Marie,Medina,mmedinal3@altervista.org,China,156.72.136.35
761,Henry,Ramos,hramosl4@ted.com,Taiwan,198.51.144.205
762,Patrick,Ray,prayl5@ca.gov,China,18.126.12.16
763,Aaron,Carr,acarrl6@nhs.uk,Mali,255.176.5.247
764,Doris,Burke,dburkel7@indiegogo.com,China,177.61.88.221
765,Donna,Bell,dbelll8@zimbio.com,China,222.179.47.251
766,Amy,Kennedy,akennedyl9@nature.com,Finland,17.107.174.4
767,Dorothy,Price,dpricela@tinyurl.com,Russia,33.40.93.35
768,Deborah,Brooks,dbrookslb@yahoo.co.jp,China,63.183.230.220
769,Joe,Bradley,jbradleylc@wikia.com,Philippines,218.231.189.190
770,Diane,Lopez,dlopezld@homestead.com,China,20.195.218.138
771,Chris,Hughes,chughesle@sciencedirect.com,China,131.164.237.221
772,Bonnie,Phillips,bphillipslf@stumbleupon.com,Brazil,41.45.125.224
773,Wayne,Johnston,wjohnstonlg@google.pl,France,34.148.108.10
774,Christopher,Cook,ccooklh@furl.net,Indonesia,96.234.178.206
775,Rose,Wheeler,rwheelerli@shop-pro.jp,Norway,167.110.189.27
776,Patrick,Carpenter,pcarpenterlj@naver.com,Indonesia,135.207.16.8
777,John,Tucker,jtuckerlk@miitbeian.gov.cn,Brazil,60.251.181.223
778,Shirley,Owens,sowensll@toplist.cz,Indonesia,81.25.97.100
779,Barbara,Arnold,barnoldlm@constantcontact.com,France,155.220.179.44
780,Steven,Ryan,sryanln@taobao.com,Czech Republic,144.212.194.109
781,Ralph,Fowler,rfowlerlo@usatoday.com,Russia,134.116.217.193
782,Janice,Lopez,jlopezlp@typepad.com,China,32.7.37.173
783,Mary,Hall,mhalllq@wired.com,Philippines,98.141.205.51
784,Rebecca,Hunt,rhuntlr@bigcartel.com,France,99.64.147.167
785,Diana,Cooper,dcooperls@i2i.jp,Nigeria,49.84.72.97
786,Barbara,Walker,bwalkerlt@google.ru,Indonesia,209.106.228.96
787,Larry,Wright,lwrightlu@virginia.edu,Laos,121.38.53.254
788,Arthur,Ellis,aellislv@pinterest.com,China,219.0.130.82
789,Scott,Bradley,sbradleylw@engadget.com,Mexico,152.49.35.221
790,Margaret,Russell,mrusselllx@berkeley.edu,Canada,94.66.117.126
791,Harold,Harris,hharrisly@surveymonkey.com,China,29.41.225.220
792,Debra,Cunningham,dcunninghamlz@ocn.ne.jp,Russia,29.121.233.104
793,Cynthia,Sanders,csandersm0@bing.com,Colombia,219.29.206.10
794,Russell,Robinson,rrobinsonm1@virginia.edu,Indonesia,138.163.33.191
795,Jacqueline,Gordon,jgordonm2@globo.com,China,223.126.187.116
796,Pamela,Stanley,pstanleym3@sohu.com,China,206.209.15.11
797,Janet,Gonzales,jgonzalesm4@behance.net,China,141.253.126.146
798,Amy,Kelley,akelleym5@newyorker.com,Argentina,236.41.136.97
799,Steve,Simpson,ssimpsonm6@example.com,Argentina,79.23.186.253
800,Carl,Myers,cmyersm7@indiegogo.com,Canada,227.127.107.170
801,Betty,Sanders,bsandersm8@harvard.edu,China,156.183.160.3
802,Alice,Oliver,aoliverm9@wufoo.com,Denmark,122.16.71.83
803,Samuel,Perry,sperryma@oakley.com,Cuba,75.115.107.41
804,Cynthia,Wheeler,cwheelermb@photobucket.com,China,115.220.173.5
805,Gloria,Sims,gsimsmc@omniture.com,Czech Republic,48.50.200.29
806,Heather,Graham,hgrahammd@chicagotribune.com,France,236.225.215.77
807,Andrew,Barnes,abarnesme@aol.com,Poland,214.15.243.26
808,Ronald,Olson,rolsonmf@cnet.com,Macedonia,204.191.128.246
809,Rachel,Crawford,rcrawfordmg@fastcompany.com,Mexico,214.193.185.35
810,Norma,Wheeler,nwheelermh@technorati.com,Poland,167.137.4.78
811,Laura,Richards,lrichardsmi@cdbaby.com,Ivory Coast,76.108.61.123
812,Kelly,Fernandez,kfernandezmj@qq.com,China,248.159.119.101
813,Terry,Stevens,tstevensmk@fema.gov,Philippines,20.34.210.16
814,Ruth,Stevens,rstevensml@google.ru,Thailand,35.85.94.131
815,Jonathan,Hicks,jhicksmm@miibeian.gov.cn,Portugal,123.81.79.220
816,Terry,Oliver,tolivermn@shop-pro.jp,Indonesia,238.9.116.167
817,Tina,Young,tyoungmo@miibeian.gov.cn,Azerbaijan,195.193.155.46
818,Bobby,Kim,bkimmp@dropbox.com,Lithuania,79.241.78.183
819,Sandra,Simpson,ssimpsonmq@homestead.com,Portugal,192.59.16.218
820,Sara,Nichols,snicholsmr@nba.com,Finland,99.100.110.247
821,David,Dean,ddeanms@state.tx.us,Puerto Rico,130.28.33.230
822,Amanda,Fernandez,afernandezmt@live.com,Portugal,8.54.4.225
823,Gregory,Ruiz,gruizmu@bbc.co.uk,Armenia,52.0.76.56
824,Andrew,Pierce,apiercemv@joomla.org,China,110.234.57.255
825,Anthony,Fuller,afullermw@bizjournals.com,Canada,26.32.75.232
826,Timothy,Ryan,tryanmx@eepurl.com,Belarus,136.160.49.3
827,Janice,Garcia,jgarciamy@omniture.com,Philippines,213.230.148.74
828,Fred,Cox,fcoxmz@about.com,Peru,211.208.170.73
829,Eric,Peters,epetersn0@flickr.com,Sweden,168.185.216.228
830,Jesse,Miller,jmillern1@nytimes.com,Venezuela,33.118.17.252
831,Wanda,Gomez,wgomezn2@weebly.com,France,242.57.84.95
832,Frank,Watson,fwatsonn3@mysql.com,Russia,57.49.105.53
833,Carolyn,Castillo,ccastillon4@com.com,Indonesia,119.92.141.65
834,Alice,Lopez,alopezn5@ebay.co.uk,Japan,115.141.195.119
835,Clarence,Hall,challn6@arizona.edu,Indonesia,206.250.191.70
836,Beverly,Jordan,bjordann7@example.com,China,148.172.145.49
837,Denise,Watson,dwatsonn8@chicagotribune.com,Japan,48.84.181.190
838,Dennis,Webb,dwebbn9@sciencedirect.com,Comoros,23.167.197.172
839,Jonathan,Harper,jharperna@thetimes.co.uk,China,83.175.118.229
840,Bobby,Mccoy,bmccoynb@apple.com,Argentina,174.248.244.82
841,Nicholas,Mendoza,nmendozanc@cbc.ca,Poland,15.198.178.167
842,Fred,Fowler,ffowlernd@hao123.com,Brazil,253.172.49.74
843,Louis,Thompson,lthompsonne@cargocollective.com,China,108.101.210.117
844,Eugene,Coleman,ecolemannf@bloglovin.com,Syria,144.48.159.177
845,Jason,Carpenter,jcarpenterng@google.com,Russia,73.202.130.55
846,Billy,Reed,breednh@blog.com,China,0.35.6.208
847,Betty,Jones,bjonesni@pcworld.com,Canada,216.46.24.234
848,Melissa,Kelley,mkelleynj@weather.com,Indonesia,43.81.251.193
849,Mildred,Mendoza,mmendozank@house.gov,Indonesia,152.112.192.79
850,Nancy,Campbell,ncampbellnl@quantcast.com,Czech Republic,149.54.62.104
851,Debra,Franklin,dfranklinnm@illinois.edu,Japan,122.127.239.125
852,Tina,Carpenter,tcarpenternn@hp.com,France,64.105.219.207
853,Diana,Garza,dgarzano@google.co.uk,Russia,247.218.243.122
854,Rachel,Ellis,rellisnp@zimbio.com,Israel,48.242.249.214
855,Deborah,Woods,dwoodsnq@sun.com,Ukraine,118.200.32.232
856,Heather,Morrison,hmorrisonnr@mashable.com,Poland,113.193.58.208
857,Robin,Collins,rcollinsns@cbc.ca,Czech Republic,147.94.4.145
858,Steve,Nguyen,snguyennt@baidu.com,Thailand,173.1.116.100
859,Peter,Miller,pmillernu@eventbrite.com,China,240.34.47.201
860,Margaret,Day,mdaynv@loc.gov,Venezuela,37.191.207.199
861,Diane,Miller,dmillernw@statcounter.com,Brazil,29.127.24.37
862,Craig,Bishop,cbishopnx@marketwatch.com,Iraq,59.253.41.65
863,Thomas,Gibson,tgibsonny@cdbaby.com,China,73.69.161.62
864,Christina,Hawkins,chawkinsnz@reuters.com,Guatemala,192.37.179.55
865,James,Burke,jburkeo0@unesco.org,Thailand,225.13.163.57
866,Kenneth,Ellis,kelliso1@about.com,Russia,237.196.190.30
867,Andrew,Spencer,aspencero2@drupal.org,Colombia,115.220.34.59
868,Chris,Dean,cdeano3@wikimedia.org,China,69.213.180.113
869,Roger,Lane,rlaneo4@tiny.cc,Indonesia,116.77.148.19
870,Sara,Barnes,sbarneso5@gov.uk,China,245.239.135.165
871,Judith,Morris,jmorriso6@fastcompany.com,Indonesia,89.251.127.161
872,Alice,Mills,amillso7@nba.com,France,43.195.158.28
873,Jonathan,Moreno,jmorenoo8@gizmodo.com,Peru,53.126.220.209
874,Justin,Little,jlittleo9@google.cn,Serbia,0.219.182.27
875,Adam,Thompson,athompsonoa@biblegateway.com,Bangladesh,142.161.117.189
876,Heather,Oliver,holiverob@printfriendly.com,Sri Lanka,38.109.81.109
877,Justin,Matthews,jmatthewsoc@issuu.com,Japan,202.23.198.20
878,Nancy,Weaver,nweaverod@reference.com,Russia,224.88.160.84
879,Jeremy,Williamson,jwilliamsonoe@storify.com,Fiji,133.119.25.216
880,Craig,Garza,cgarzaof@webmd.com,Japan,192.122.69.150
881,Katherine,Porter,kporterog@cyberchimps.com,Brazil,130.212.194.238
882,Justin,Gilbert,jgilbertoh@pagesperso-orange.fr,Paraguay,148.56.124.210
883,Ralph,Harper,rharperoi@live.com,Indonesia,213.150.46.53
884,Keith,Cooper,kcooperoj@simplemachines.org,Thailand,79.72.132.74
885,Juan,Pierce,jpierceok@themeforest.net,Indonesia,198.111.200.30
886,Steven,Brown,sbrownol@businessinsider.com,China,248.43.31.96
887,Joseph,Campbell,jcampbellom@smugmug.com,Croatia,62.80.30.211
888,Irene,Flores,ifloreson@virginia.edu,Sweden,46.67.190.239
889,Ashley,Porter,aporteroo@discovery.com,Poland,173.127.56.150
890,Charles,Rodriguez,crodriguezop@rediff.com,Nicaragua,171.228.27.11
891,Linda,Sanders,lsandersoq@pagesperso-orange.fr,Egypt,52.116.244.142
892,Jennifer,Price,jpriceor@imgur.com,Saudi Arabia,180.49.140.127
893,Judy,Garcia,jgarciaos@theguardian.com,Greece,46.78.92.209
894,Jesse,Graham,jgrahamot@usa.gov,Philippines,131.111.184.231
895,Wayne,Bowman,wbowmanou@noaa.gov,Western Sahara,63.142.58.58
896,Louis,Daniels,ldanielsov@xinhuanet.com,United States,34.44.232.89
897,Linda,Morgan,lmorganow@simplemachines.org,Cyprus,96.71.223.159
898,Diana,Price,dpriceox@elegantthemes.com,China,29.198.59.90
899,John,Foster,jfosteroy@google.com.br,Indonesia,32.116.52.46
900,Jimmy,Williams,jwilliamsoz@reuters.com,Iran,183.145.48.129
901,Gregory,Reynolds,greynoldsp0@php.net,Philippines,26.161.132.184
902,Angela,Ford,afordp1@mayoclinic.com,South Africa,132.104.70.10
903,Cynthia,Sims,csimsp2@mlb.com,Sri Lanka,219.73.93.232
904,Theresa,Williamson,twilliamsonp3@google.ca,Croatia,152.192.74.252
905,Gary,Ellis,gellisp4@nymag.com,Finland,197.44.41.71
906,Steve,White,swhitep5@lycos.com,Belarus,62.202.135.29
907,Jacqueline,Davis,jdavisp6@slate.com,France,173.121.12.232
908,Jeremy,Stevens,jstevensp7@gizmodo.com,Indonesia,191.27.94.122
909,Kelly,West,kwestp8@nasa.gov,Bulgaria,234.193.66.86
910,Joseph,Ross,jrossp9@mac.com,Russia,1.216.42.207
911,Margaret,Garza,mgarzapa@ask.com,Chile,203.3.66.57
912,Angela,Smith,asmithpb@dailymotion.com,China,168.6.71.50
913,Kathleen,Henry,khenrypc@slate.com,Indonesia,45.162.220.47
914,Randy,Perkins,rperkinspd@topsy.com,United Kingdom,30.52.150.11
915,Donna,Sullivan,dsullivanpe@tinyurl.com,China,100.163.157.146
916,Harold,Hughes,hhughespf@yelp.com,Indonesia,186.64.82.178
917,Stephanie,Cooper,scooperpg@canalblog.com,China,46.128.204.243
918,Judy,Wells,jwellsph@oracle.com,China,164.134.76.29
919,Benjamin,Crawford,bcrawfordpi@stumbleupon.com,Greece,179.192.90.0
920,Lawrence,Lane,llanepj@loc.gov,Canada,248.117.93.57
921,Kelly,George,kgeorgepk@washingtonpost.com,Indonesia,128.203.23.137
922,Helen,Mccoy,hmccoypl@booking.com,Czech Republic,24.149.112.22
923,Annie,Cruz,acruzpm@tuttocitta.it,China,63.134.194.200
924,Matthew,Knight,mknightpn@noaa.gov,Portugal,35.10.189.10
925,Ruby,Rose,rrosepo@ucoz.com,China,124.8.23.44
926,Timothy,Harris,tharrispp@google.es,Yemen,1.254.84.126
927,Christine,Bowman,cbowmanpq@simplemachines.org,Croatia,139.116.200.158
928,Justin,Bell,jbellpr@godaddy.com,Sweden,178.162.75.159
929,Joseph,Hunt,jhuntps@google.com.hk,Netherlands,216.32.241.10
930,Shirley,Powell,spowellpt@biblegateway.com,Kazakhstan,71.66.69.134
931,Randy,Reyes,rreyespu@vkontakte.ru,Kyrgyzstan,222.227.125.129
932,Ruth,Jones,rjonespv@walmart.com,Iran,231.36.218.129
933,Victor,Henderson,vhendersonpw@indiatimes.com,United States,30.151.79.172
934,Billy,Ward,bwardpx@stanford.edu,Brazil,31.110.188.153
935,Barbara,Cooper,bcooperpy@accuweather.com,Brazil,29.14.27.192
936,Timothy,Ford,tfordpz@linkedin.com,Gambia,145.194.93.38
937,Joan,Castillo,jcastilloq0@patch.com,Mexico,18.85.96.238
938,Dennis,Ford,dfordq1@hatena.ne.jp,France,34.242.16.250
939,Teresa,Morrison,tmorrisonq2@forbes.com,Cuba,54.87.40.155
940,Dorothy,Miller,dmillerq3@bloomberg.com,Philippines,227.56.125.242
941,Evelyn,Hart,ehartq4@umn.edu,Pakistan,231.222.220.185
942,George,Gonzalez,ggonzalezq5@infoseek.co.jp,Greece,92.69.38.5
943,Joe,Smith,jsmithq6@tripod.com,Costa Rica,71.117.83.56
944,Sarah,Woods,swoodsq7@aboutads.info,Croatia,85.26.33.207
945,Jane,Ward,jwardq8@aol.com,Namibia,36.97.138.140
946,Samuel,Ruiz,sruizq9@cloudflare.com,Indonesia,20.178.182.233
947,Dorothy,Olson,dolsonqa@pinterest.com,Brazil,41.95.137.233
948,Helen,Oliver,holiverqb@51.la,China,184.163.12.173
949,Steve,Marshall,smarshallqc@reference.com,Greece,180.253.72.102
950,Jean,Jackson,jjacksonqd@alexa.com,France,189.231.11.36
951,Nicholas,Rivera,nriveraqe@cnet.com,Indonesia,151.49.39.1
952,Mark,Chapman,mchapmanqf@accuweather.com,Indonesia,148.83.102.195
953,Victor,Hunt,vhuntqg@cloudflare.com,Russia,103.185.21.162
954,Mark,Martin,mmartinqh@example.com,Iran,47.135.17.132
955,Mary,Garcia,mgarciaqi@de.vu,Mexico,177.130.67.189
956,Janice,Matthews,jmatthewsqj@woothemes.com,Russia,230.157.188.52
957,Amanda,Hunt,ahuntqk@digg.com,Indonesia,228.22.131.163
958,Billy,Scott,bscottql@yahoo.com,Czech Republic,5.141.100.81
959,Andrew,Hall,ahallqm@hud.gov,Greece,65.44.165.255
960,Pamela,Owens,powensqn@csmonitor.com,Philippines,173.95.38.215
961,Ryan,Greene,rgreeneqo@exblog.jp,China,158.133.71.234
962,Peter,Kelley,pkelleyqp@reference.com,Brazil,231.61.134.2
963,Michelle,Fernandez,mfernandezqq@craigslist.org,Brazil,213.44.183.133
964,Wayne,Wallace,wwallaceqr@csmonitor.com,Indonesia,5.220.94.221
965,Nicholas,Chapman,nchapmanqs@drupal.org,France,251.233.118.104
966,Denise,Stone,dstoneqt@qq.com,Sweden,66.103.37.139
967,Anna,Brooks,abrooksqu@lulu.com,Portugal,63.240.233.146
968,David,Banks,dbanksqv@facebook.com,China,65.151.7.89
969,Carol,Howard,chowardqw@behance.net,Ukraine,107.42.0.178
970,Joshua,Bell,jbellqx@wix.com,Pakistan,237.82.126.195
971,Sara,Harper,sharperqy@harvard.edu,China,135.147.164.132
972,Scott,Robertson,srobertsonqz@meetup.com,Sweden,75.54.165.27
973,Gary,Jordan,gjordanr0@epa.gov,New Zealand,242.112.147.34
974,Stephanie,Brooks,sbrooksr1@upenn.edu,China,185.71.243.122
975,Dorothy,Romero,dromeror2@smugmug.com,Thailand,217.28.12.77
976,Denise,Burton,dburtonr3@pbs.org,Liberia,23.121.155.225
977,Andrea,Henry,ahenryr4@examiner.com,China,26.205.173.175
978,Kathryn,Morgan,kmorganr5@rakuten.co.jp,Peru,124.185.63.61
979,Stephanie,Perkins,sperkinsr6@technorati.com,Greece,218.247.119.84
980,Joshua,Vasquez,jvasquezr7@vinaora.com,Poland,145.30.63.189
981,Norma,Edwards,nedwardsr8@foxnews.com,Argentina,185.19.12.64
982,Wayne,Parker,wparkerr9@nih.gov,Ukraine,18.206.167.75
983,Jacqueline,Schmidt,jschmidtra@geocities.jp,Portugal,79.254.131.107
984,Joan,Banks,jbanksrb@wikia.com,China,11.144.25.88
985,Laura,Mendoza,lmendozarc@wordpress.org,China,65.121.225.125
986,Lillian,Spencer,lspencerrd@bing.com,Kuwait,2.170.38.169
987,Jerry,Howard,jhowardre@nbcnews.com,El Salvador,230.146.178.219
988,Anthony,Ryan,aryanrf@discuz.net,Burkina Faso,87.242.52.173
989,Elizabeth,Myers,emyersrg@altervista.org,South Africa,152.88.106.20
990,Alice,Williamson,awilliamsonrh@theatlantic.com,Kazakhstan,53.230.255.64
991,Walter,Wheeler,wwheelerri@walmart.com,United States,13.151.86.82
992,Lori,Wright,lwrightrj@topsy.com,Sudan,126.64.105.220
993,Katherine,Riley,krileyrk@scribd.com,Samoa,102.153.47.233
994,Gary,Coleman,gcolemanrl@dedecms.com,Greece,33.158.107.18
995,Justin,Jenkins,jjenkinsrm@aboutads.info,Armenia,109.221.159.237
996,Kelly,Little,klittlern@spiegel.de,Indonesia,145.159.141.211
997,Marilyn,Romero,mromeroro@tamu.edu,Honduras,171.36.156.156
998,Donna,Hill,dhillrp@thetimes.co.uk,Russia,122.57.135.73
999,Lawrence,Hudson,lhudsonrq@gizmodo.com,Serbia,215.151.133.167
1000,Joan,Jacobs,jjacobsrr@sciencedaily.com,Indonesia,196.146.203.117
